model,iterations,PR_AUC,ROC_AUC,train_seconds_approx,converged
LightGBM,50,0.8603,0.9969,0.3256,
LightGBM,100,0.9252,0.9988,0.6511,
LightGBM,150,0.9428,0.9991,0.9767,
LightGBM,200,0.947,0.9992,1.3023,
LightGBM,250,0.9501,0.9993,1.6278,
LightGBM,300,0.9517,0.9993,1.9534,
LightGBM,350,0.9526,0.9993,2.279,
LightGBM,400,0.9532,0.9993,2.6045,
LightGBM,450,0.953,0.9993,2.9301,
LightGBM,500,0.953,0.9993,3.2557,
LightGBM,550,0.9533,0.9993,3.5812,
LightGBM,600,0.9533,0.9993,3.9068,
LightGBM,650,0.9532,0.9993,4.2324,
LightGBM,700,0.9533,0.9993,4.5579,
LightGBM,750,0.9534,0.9993,4.8835,
LightGBM,800,0.9531,0.9993,5.2091,
LightGBM,850,0.953,0.9993,5.5346,
LightGBM,900,0.9529,0.9993,5.8602,
LightGBM,950,0.9528,0.9993,6.1857,
LightGBM,1000,0.9528,0.9993,6.5113,
XGBoost,50,0.8556,0.9959,0.4249,
XGBoost,100,0.9003,0.9982,0.8498,
XGBoost,150,0.921,0.9987,1.2747,
XGBoost,200,0.9314,0.9989,1.6996,
XGBoost,250,0.9385,0.9991,2.1244,
XGBoost,300,0.9421,0.9992,2.5493,
XGBoost,350,0.9446,0.9992,2.9742,
XGBoost,400,0.9448,0.9992,3.3991,
XGBoost,450,0.9459,0.9992,3.824,
XGBoost,500,0.9465,0.9992,4.2489,
XGBoost,550,0.9472,0.9992,4.6738,
XGBoost,600,0.9474,0.9992,5.0987,
XGBoost,650,0.9476,0.9993,5.5236,
XGBoost,700,0.9478,0.9993,5.9485,
XGBoost,750,0.948,0.9993,6.3733,
XGBoost,800,0.9482,0.9993,6.7982,
XGBoost,850,0.9481,0.9993,7.2231,
XGBoost,900,0.9483,0.9993,7.648,
XGBoost,950,0.9484,0.9993,8.0729,
XGBoost,1000,0.9485,0.9993,8.4978,
Random Forest,100,0.8817,0.9965,4.0647,
Random Forest,200,0.8821,0.9964,7.9448,
Random Forest,500,0.8859,0.9966,19.3895,
Random Forest,1000,0.8859,0.9967,38.4728,
Logistic Regression,25,0.4071,0.9388,0.2309,True
Logistic Regression,50,0.4071,0.9388,0.2904,True
Logistic Regression,100,0.4071,0.9388,0.2692,True
Logistic Regression,200,0.4071,0.9388,0.2315,True
Logistic Regression,500,0.4071,0.9388,0.2072,True
Logistic Regression,1000,0.4071,0.9388,0.2123,True
