,dtype,missing_count,missing_pct,unique_values
trans_date_trans_time,datetime64[us],0,0.0,1274791
cc_num,int64,0,0.0,983
merchant,str,0,0.0,693
category,str,0,0.0,14
amt,float64,0,0.0,52928
first,str,0,0.0,352
last,str,0,0.0,481
gender,str,0,0.0,2
street,str,0,0.0,983
city,str,0,0.0,894
state,str,0,0.0,51
zip,int64,0,0.0,970
lat,float64,0,0.0,968
long,float64,0,0.0,969
city_pop,int64,0,0.0,879
job,str,0,0.0,494
dob,datetime64[us],0,0.0,968
trans_num,str,0,0.0,1296675
unix_time,int64,0,0.0,1274823
merch_lat,float64,0,0.0,1247805
merch_long,float64,0,0.0,1275745
is_fraud,int64,0,0.0,2
