month,transactions,frauds,fraud_rate_pct
2019-01,52525,506,0.9633507853403142
2019-02,49866,517,1.0367785665583764
2019-03,70939,494,0.6963729401316624
2019-04,68078,376,0.5523076471106672
2019-05,72532,408,0.5625103402636078
2019-06,86064,354,0.41132180702732846
2019-07,86596,331,0.38223474525382234
2019-08,87359,382,0.43727606772055544
2019-09,70652,418,0.5916322255562476
2019-10,68758,454,0.6602868029901976
2019-11,70421,388,0.550972011189844
2019-12,141060,592,0.41967956897774
2020-01,52202,343,0.6570629477797786
2020-02,47791,336,0.7030612458412672
2020-03,72850,444,0.609471516815374
2020-04,66892,302,0.45147401781976915
2020-05,74343,527,0.7088764241421519
2020-06,57747,334,0.5783850243302683
