category,transactions,frauds,avg_fraud_amt,fraud_rate_pct,share_of_all_fraud_pct
shopping_net,97543,1713,999.254938704028,1.7561485703740916,22.82174260591527
misc_net,63287,915,797.0128524590164,1.4457945549638946,12.190247801758593
grocery_pos,123638,1743,311.9896156052783,1.4097607531665022,23.221422861710632
shopping_pos,116672,843,876.9218149466192,0.7225383982446517,11.23101518784972
gas_transport,131659,618,12.288203883495147,0.4693944204346076,8.233413269384492
misc_pos,79655,250,218.28408000000002,0.31385349318937916,3.3306687982946976
grocery_net,45452,134,12.162835820895522,0.29481650972454454,1.7852384758859579
travel,40507,116,9.06456896551724,0.2863702569926186,1.5454303224087398
entertainment,94014,233,503.5355793991417,0.24783542876592848,3.1041833200106583
personal_care,90758,220,26.170545454545458,0.2424028735758831,2.930988542499334
kids_pets,113035,239,18.12167364016737,0.21143893484319018,3.184119371169731
food_dining,91461,151,120.07695364238413,0.1650976919123998,2.011723954169997
home,123115,198,257.43262626262623,0.16082524468992407,2.6378896882494005
health_fitness,85879,133,20.248421052631578,0.15486905995645037,1.771915800692779
